{
  "boundaries": [
    0.028273895149173556,
    0.04906472568709419,
    0.04907131303981027,
    0.07834165336095433,
    0.07834169450468975,
    0.09895027794781708,
    0.09895084255938846,
    0.10228330174511857,
    0.1022836484966555,
    0.10828582735983028,
    0.10828653124453502,
    0.12779844159560427,
    0.1277997723224953,
    0.12887942394669283,
    0.12887994721092788,
    0.12923312835080059,
    0.12923628584308933,
    0.13820801124862436,
    0.1382110239145692,
    0.1530521300130937,
    0.15305306880486813,
    0.1617310229673654,
    0.16173148356328026,
    0.19483481293492533,
    0.19483575647741436,
    0.21620220193518147,
    0.21620228305171896,
    0.21787859520951058,
    0.21787867989328047,
    0.2653710361447502,
    0.2653765104364416,
    0.27543869953094324,
    0.2754414679797852,
    0.319989056852796,
    0.31999738356295226,
    0.32395789647168083,
    0.3239584366189189,
    0.33166553823323763,
    0.33166696691836794,
    0.33288309378230163,
    0.3328874197372562,
    0.3381010851464956,
    0.3381029973105204,
    0.3479472750262762,
    0.3479475097695225,
    0.34830254286922857,
    0.3483047223696112,
    0.35950737045965564,
    0.3595176796216265,
    0.3623637245057796,
    0.36236439617382177,
    0.39881355588642586,
    0.3988201298109285,
    0.41729855320053044,
    0.4172988777184897,
    0.43543792876121756,
    0.4354392566133778,
    0.44120595841994315,
    0.4412065220590192,
    0.4749952681643872,
    0.4749970655210103,
    0.4954551421677814,
    0.49545924713943723,
    0.5490248893909785,
    0.5490254355857962,
    0.552781541448514,
    0.5527833360095971,
    0.6149080629880542,
    0.6149196048788699,
    0.6159422398077627,
    0.6159489521799592,
    0.6410932106134231,
    0.6411165410408161,
    0.6444645619731237,
    0.6444714751450731,
    0.6625215546041423,
    0.6625305616989254,
    0.7612003636000904,
    0.7612278515044641,
    0.7647956663432284,
    0.7648063859582346,
    0.7777605074119309,
    0.7777712447405719,
    0.7854928323577277,
    0.7855029944139381,
    0.786097308294621,
    0.7861170195183123,
    0.8041669480768859,
    0.8041739619233677,
    0.8222608541838381,
    0.8222622006376674,
    0.836094931638062,
    0.8360956948677922,
    0.8428063792212811,
    0.8428139928288653,
    0.8792997658329076,
    0.8798550755053022,
    0.8825671312369532
  ],
  "predictions": [
    0.0,
    0.0,
    0.0012882447665056361,
    0.0012882447665056361,
    0.0019221168247628556,
    0.0019221168247628556,
    0.002140640051375361,
    0.002140640051375361,
    0.0023888853963663797,
    0.0023888853963663797,
    0.002514562179711621,
    0.002514562179711621,
    0.003067484662576687,
    0.003067484662576687,
    0.0031847133757961785,
    0.0031847133757961785,
    0.003199777406789093,
    0.003199777406789093,
    0.003387715075332085,
    0.003387715075332085,
    0.0036384309266628764,
    0.0036384309266628764,
    0.004479357443897703,
    0.004479357443897703,
    0.00467968371792803,
    0.00467968371792803,
    0.004901960784313725,
    0.004901960784313725,
    0.005005005005005005,
    0.005005005005005005,
    0.0073782587309394985,
    0.0073782587309394985,
    0.00854157201272149,
    0.00854157201272149,
    0.008823529411764706,
    0.008823529411764706,
    0.009200283085633405,
    0.009200283085633405,
    0.0102880658436214,
    0.0102880658436214,
    0.010430839002267574,
    0.010430839002267574,
    0.010461144321093083,
    0.010461144321093083,
    0.0106951871657754,
    0.0106951871657754,
    0.011912865895166781,
    0.011912865895166781,
    0.011960132890365448,
    0.011960132890365448,
    0.012930324493493659,
    0.012930324493493659,
    0.01637967240655187,
    0.01637967240655187,
    0.016787912702853944,
    0.016787912702853944,
    0.01757188498402556,
    0.01757188498402556,
    0.0185823754789272,
    0.0185823754789272,
    0.020574886535552193,
    0.020574886535552193,
    0.022131114102721006,
    0.022131114102721006,
    0.022252062152311528,
    0.022252062152311528,
    0.022775688399126845,
    0.022775688399126845,
    0.02564102564102564,
    0.02564102564102564,
    0.03285515964831097,
    0.03285515964831097,
    0.03322259136212625,
    0.03322259136212625,
    0.042690815006468305,
    0.042690815006468305,
    0.046174202673723595,
    0.046174202673723595,
    0.05185185185185185,
    0.05185185185185185,
    0.057724957555178265,
    0.057724957555178265,
    0.06198347107438017,
    0.06198347107438017,
    0.07692307692307693,
    0.07692307692307693,
    0.07866868381240545,
    0.07866868381240545,
    0.08204600068657741,
    0.08204600068657741,
    0.08962527964205816,
    0.08962527964205816,
    0.09420731707317073,
    0.09420731707317073,
    0.0985851209493382,
    0.0985851209493382,
    0.2,
    0.2
  ],
  "isotonic": true
}