{
  "threshold": 0.058,
  "tp": 1496,
  "fp": 15199,
  "fn": 7849,
  "tn": 474291,
  "precision": 0.08960766696615753,
  "recall": 0.16008560727661852,
  "f1": 0.11490015360983104
}